scenario,implementation,mode,run,iterations,elapsedMs,elapsedPerIterationMs,cpuPeakPercent,rssPeakBytes,rssPeakMiB,records,bytes,exitCode
json-normal,node-json-native,json-native,1,20,345.171,17.259,40.0,105111552,100.242,32000,44941640,0
json-normal,node-json-native,json-native,2,20,376.155,18.808,16.0,108580864,103.551,32000,44941640,0
json-normal,node-json-native,json-native,3,20,398.056,19.903,9.0,108851200,103.809,32000,44941640,0
json-normal,node-json-native,json-native,4,20,309.611,15.481,21.0,102666240,97.91,32000,44941640,0
json-normal,node-json-native,json-native,5,20,318.964,15.948,12.0,97243136,92.738,32000,44941640,0
json-normal,node-json-stream,json-stream,1,20,1241.4,62.07,26.0,87027712,82.996,32000,44941640,0
json-normal,node-json-stream,json-stream,2,20,1367.203,68.36,17.0,87257088,83.215,32000,44941640,0
json-normal,node-json-stream,json-stream,3,20,1271.978,63.599,33.0,84697088,80.773,32000,44941640,0
json-normal,node-json-stream,json-stream,4,20,1327.365,66.368,42.0,87298048,83.254,32000,44941640,0
json-normal,node-json-stream,json-stream,5,20,1311.349,65.567,24.0,87908352,83.836,32000,44941640,0
json-normal,go-json-native,json-native,1,20,589.939,29.497,42.0,30441472,29.031,32000,44941640,0
json-normal,go-json-native,json-native,2,20,506.557,25.328,38.0,30179328,28.781,32000,44941640,0
json-normal,go-json-native,json-native,3,20,500.599,25.03,9.0,26562560,25.332,32000,44941640,0
json-normal,go-json-native,json-native,4,20,492.646,24.632,43.0,29024256,27.68,32000,44941640,0
json-normal,go-json-native,json-native,5,20,485.824,24.291,76.0,26148864,24.938,32000,44941640,0
json-large,node-json-native,json-native,1,1,801.716,801.716,41.0,700407808,667.961,102400,129956237,0
json-large,node-json-native,json-native,2,1,793.922,793.922,42.0,700227584,667.789,102400,129956237,0
json-large,node-json-native,json-native,3,1,773.184,773.184,42.0,700805120,668.34,102400,129956237,0
json-large,node-json-native,json-native,4,1,883.448,883.448,43.0,700211200,667.773,102400,129956237,0
json-large,node-json-native,json-native,5,1,795.267,795.267,37.0,701710336,669.203,102400,129956237,0
json-large,node-json-stream,json-stream,1,1,3297.618,3297.618,42.0,58183680,55.488,102400,129956237,0
json-large,node-json-stream,json-stream,2,1,3158.722,3158.722,25.0,58343424,55.641,102400,129956237,0
json-large,node-json-stream,json-stream,3,1,3108.047,3108.047,25.0,58318848,55.617,102400,129956237,0
json-large,node-json-stream,json-stream,4,1,3165.759,3165.759,18.0,57913344,55.23,102400,129956237,0
json-large,node-json-stream,json-stream,5,1,3140.833,3140.833,26.0,58908672,56.18,102400,129956237,0
json-large,go-json-native,json-native,1,1,1538.347,1538.347,66.0,702607360,670.059,102400,129956237,0
json-large,go-json-native,json-native,2,1,1530.774,1530.774,34.0,693993472,661.844,102400,129956237,0
json-large,go-json-native,json-native,3,1,1459.689,1459.689,83.0,682815488,651.184,102400,129956237,0
json-large,go-json-native,json-native,4,1,1466.232,1466.232,95.0,694247424,662.086,102400,129956237,0
json-large,go-json-native,json-native,5,1,1565.113,1565.113,49.0,686313472,654.52,102400,129956237,0
csv-normal,node-csv-native,csv-native,1,20,646.688,32.334,17.0,91299840,87.07,32000,9990900,0
csv-normal,node-csv-native,csv-native,2,20,509.187,25.459,18.0,91443200,87.207,32000,9990900,0
csv-normal,node-csv-native,csv-native,3,20,533.358,26.668,13.0,91848704,87.594,32000,9990900,0
csv-normal,node-csv-native,csv-native,4,20,520.924,26.046,26.0,90583040,86.387,32000,9990900,0
csv-normal,node-csv-native,csv-native,5,20,521.467,26.073,17.0,80982016,77.23,32000,9990900,0
csv-normal,node-csv-parser,csv-parser,1,20,262.362,13.118,24.0,59166720,56.426,32000,9990900,0
csv-normal,node-csv-parser,csv-parser,2,20,284.491,14.225,25.0,58228736,55.531,32000,9990900,0
csv-normal,node-csv-parser,csv-parser,3,20,266.32,13.316,21.0,59203584,56.461,32000,9990900,0
csv-normal,node-csv-parser,csv-parser,4,20,272.467,13.623,25.0,59187200,56.445,32000,9990900,0
csv-normal,node-csv-parser,csv-parser,5,20,305.838,15.292,25.0,58667008,55.949,32000,9990900,0
csv-normal,go-csv-native,csv-native,1,20,55.426,2.771,8.0,4952064,4.723,32000,9990900,0
csv-normal,go-csv-native,csv-native,2,20,69.013,3.451,8.0,14835712,14.148,32000,9990900,0
csv-normal,go-csv-native,csv-native,3,20,53.647,2.682,8.0,13840384,13.199,32000,9990900,0
csv-normal,go-csv-native,csv-native,4,20,53.875,2.694,9.0,13574144,12.945,32000,9990900,0
csv-normal,go-csv-native,csv-native,5,20,54.512,2.726,9.0,13627392,12.996,32000,9990900,0
csv-large,node-csv-native,csv-native,1,1,3117.022,3117.022,17.0,124813312,119.031,336000,104892955,0
csv-large,node-csv-native,csv-native,2,1,3042.743,3042.743,17.0,122748928,117.062,336000,104892955,0
csv-large,node-csv-native,csv-native,3,1,3145.212,3145.212,17.0,123203584,117.496,336000,104892955,0
csv-large,node-csv-native,csv-native,4,1,3169.355,3169.355,33.0,122699776,117.016,336000,104892955,0
csv-large,node-csv-native,csv-native,5,1,3038.756,3038.756,24.0,125640704,119.82,336000,104892955,0
csv-large,node-csv-parser,csv-parser,1,1,1731.66,1731.66,26.0,59379712,56.629,336000,104892955,0
csv-large,node-csv-parser,csv-parser,2,1,1734.795,1734.795,26.0,59191296,56.449,336000,104892955,0
csv-large,node-csv-parser,csv-parser,3,1,1735.778,1735.778,21.0,59392000,56.641,336000,104892955,0
csv-large,node-csv-parser,csv-parser,4,1,1713.663,1713.663,33.0,58867712,56.141,336000,104892955,0
csv-large,node-csv-parser,csv-parser,5,1,1732.435,1732.435,29.0,59346944,56.598,336000,104892955,0
csv-large,go-csv-native,csv-native,1,1,148.807,148.807,13.0,13852672,13.211,336000,104892955,0
csv-large,go-csv-native,csv-native,2,1,177.39,177.39,9.0,13762560,13.125,336000,104892955,0
csv-large,go-csv-native,csv-native,3,1,148.02,148.02,17.0,13721600,13.086,336000,104892955,0
csv-large,go-csv-native,csv-native,4,1,148.618,148.618,9.0,13807616,13.168,336000,104892955,0
csv-large,go-csv-native,csv-native,5,1,134.727,134.727,9.0,14024704,13.375,336000,104892955,0
binary-normal,node-binary,binary,1,20,102.837,5.142,25.0,54853632,52.312,20,4323660,0
binary-normal,node-binary,binary,2,20,120.58,6.029,24.0,54587392,52.059,20,4323660,0
binary-normal,node-binary,binary,3,20,102.202,5.11,17.0,53760000,51.27,20,4323660,0
binary-normal,node-binary,binary,4,20,119.61,5.98,9.0,56991744,54.352,20,4323660,0
binary-normal,node-binary,binary,5,20,121.461,6.073,13.0,54706176,52.172,20,4323660,0
binary-normal,go-binary,binary,1,20,55.377,2.769,8.0,7360512,7.02,20,4323660,0
binary-normal,go-binary,binary,2,20,52.724,2.636,7.0,5599232,5.34,20,4323660,0
binary-normal,go-binary,binary,3,20,55.291,2.765,9.0,7528448,7.18,20,4323660,0
binary-normal,go-binary,binary,4,20,40.507,2.025,8.0,7028736,6.703,20,4323660,0
binary-normal,go-binary,binary,5,20,55.005,2.75,8.0,7442432,7.098,20,4323660,0
binary-large,node-binary,binary,1,1,284.056,284.056,25.0,66265088,63.195,1,134249643,0
binary-large,node-binary,binary,2,1,293.027,293.027,34.0,66244608,63.176,1,134249643,0
binary-large,node-binary,binary,3,1,281.753,281.753,25.0,65150976,62.133,1,134249643,0
binary-large,node-binary,binary,4,1,309.145,309.145,25.0,65654784,62.613,1,134249643,0
binary-large,node-binary,binary,5,1,324.28,324.28,24.0,66363392,63.289,1,134249643,0
binary-large,go-binary,binary,1,1,220.374,220.374,10.0,7401472,7.059,1,134249643,0
binary-large,go-binary,binary,2,1,192.204,192.204,9.0,7028736,6.703,1,134249643,0
binary-large,go-binary,binary,3,1,196.252,196.252,9.0,6873088,6.555,1,134249643,0
binary-large,go-binary,binary,4,1,180.76,180.76,9.0,6881280,6.562,1,134249643,0
binary-large,go-binary,binary,5,1,179.926,179.926,9.0,7028736,6.703,1,134249643,0
